"IDHORA","HORAMINUTOS24HORAS","HORAMINUTOSAMPM","INDICARAMPM"
1,"18:51","6:51PM",PM
2,"11:46","11:46AM",AM
3,"20:16","8:16PM",PM
4,"13:50","1:50PM",PM
5,"9:16","9:16AM",AM
6,"6:02","6:02AM",AM
7,"16:24","4:24PM",PM
8,"16:04","4:04PM",PM
9,"12:25","12:25AM",AM
10,"7:40","7:40AM",AM
11,"10:22","10:22AM",AM
12,"20:35","8:35PM",PM
13,"22:46","10:46PM",PM
14,"18:15","6:15PM",PM
15,"12:30","12:30AM",AM
16,"6:29","6:29AM",AM
17,"20:13","8:13PM",PM
18,"17:46","5:46PM",PM
19,"10:45","10:45AM",AM
20,"16:49","4:49PM",PM
21,"12:56","12:56AM",AM
22,"6:57","6:57AM",AM
23,"17:51","5:51PM",PM
24,"10:55","10:55AM",AM
25,"10:57","10:57AM",AM
26,"19:37","7:37PM",PM
27,"18:54","6:54PM",PM
28,"11:38","11:38AM",AM
29,"9:26","9:26AM",AM
30,"13:38","1:38PM",PM
31,"15:14","3:14PM",PM
32,"20:00","8:00PM",PM
33,"6:16","6:16AM",AM
34,"15:17","3:17PM",PM
35,"10:24","10:24AM",AM
36,"18:59","6:59PM",PM
37,"5:43","5:43AM",AM
38,"15:05","3:05PM",PM
39,"7:57","7:57AM",AM
40,"16:52","4:52PM",PM
41,"20:23","8:23PM",PM
42,"12:27","12:27AM",AM
43,"11:24","11:24AM",AM
44,"10:41","10:41AM",AM
45,"6:04","6:04AM",AM
46,"21:17","9:17PM",PM
47,"13:24","1:24PM",PM
48,"13:13","1:13PM",PM
49,"18:17","6:17PM",PM
50,"7:20","7:20AM",AM
51,"9:25","9:25AM",AM
52,"8:42","8:42AM",AM
53,"17:44","5:44PM",PM
54,"6:30","6:30AM",AM
55,"13:27","1:27PM",PM
56,"9:36","9:36AM",AM
57,"7:11","7:11AM",AM
58,"16:19","4:19PM",PM
59,"17:04","5:04PM",PM
60,"13:21","1:21PM",PM
61,"5:38","5:38AM",AM
62,"16:51","4:51PM",PM
63,"12:19","12:19AM",AM
64,"18:31","6:31PM",PM
65,"6:36","6:36AM",AM
66,"10:43","10:43AM",AM
67,"6:05","6:05AM",AM
68,"21:41","9:41PM",PM
69,"19:39","7:39PM",PM
70,"11:43","11:43AM",AM
71,"6:58","6:58AM",AM
72,"17:55","5:55PM",PM
73,"20:10","8:10PM",PM
74,"11:15","11:15AM",AM
75,"7:59","7:59AM",AM
76,"18:45","6:45PM",PM
77,"12:41","12:41AM",AM
78,"18:20","6:20PM",PM
79,"21:08","9:08PM",PM
80,"14:15","2:15PM",PM
81,"10:09","10:09AM",AM
82,"8:07","8:07AM",AM
83,"5:58","5:58AM",AM
84,"15:40","3:40PM",PM
85,"7:55","7:55AM",AM
86,"12:22","12:22AM",AM
87,"14:47","2:47PM",PM
88,"21:37","9:37PM",PM
89,"16:57","4:57PM",PM
90,"6:59","6:59AM",AM
91,"9:46","9:46AM",AM
92,"19:34","7:34PM",PM
93,"15:24","3:24PM",PM
94,"15:06","3:06PM",PM
95,"10:14","10:14AM",AM
96,"21:31","9:31PM",PM
97,"14:57","2:57PM",PM
98,"7:54","7:54AM",AM
99,"18:28","6:28PM",PM
100,"12:12","12:12AM",AM
101,"8:33","8:33AM",AM
102,"18:53","6:53PM",PM
103,"13:11","1:11PM",PM
104,"10:26","10:26AM",AM
105,"7:50","7:50AM",AM
106,"16:12","4:12PM",PM
107,"11:20","11:20AM",AM
108,"14:20","2:20PM",PM
109,"9:30","9:30AM",AM
110,"23:47","11:47PM",PM
111,"18:32","6:32PM",PM
112,"19:41","7:41PM",PM
113,"8:16","8:16AM",AM
114,"13:18","1:18PM",PM
115,"9:49","9:49AM",AM
116,"10:42","10:42AM",AM
117,"17:11","5:11PM",PM
118,"22:16","10:16PM",PM
119,"11:19","11:19AM",AM
120,"21:03","9:03PM",PM
121,"15:37","3:37PM",PM
122,"13:39","1:39PM",PM
123,"10:10","10:10AM",AM
124,"13:48","1:48PM",PM
125,"11:27","11:27AM",AM
126,"19:51","7:51PM",PM
127,"10:31","10:31AM",AM
128,"20:44","8:44PM",PM
129,"17:05","5:05PM",PM
130,"20:06","8:06PM",PM
131,"22:28","10:28PM",PM
132,"8:57","8:57AM",AM
133,"12:03","12:03AM",AM
134,"14:48","2:48PM",PM
135,"10:51","10:51AM",AM
136,"23:05","11:05PM",PM
137,"17:31","5:31PM",PM
138,"13:29","1:29PM",PM
139,"15:47","3:47PM",PM
140,"13:20","1:20PM",PM
141,"9:42","9:42AM",AM
142,"6:20","6:20AM",AM
143,"18:46","6:46PM",PM
144,"10:27","10:27AM",AM
145,"20:51","8:51PM",PM
146,"5:42","5:42AM",AM
147,"9:27","9:27AM",AM
148,"20:01","8:01PM",PM
149,"10:38","10:38AM",AM
150,"19:09","7:09PM",PM
151,"12:57","12:57AM",AM
152,"10:20","10:20AM",AM
153,"6:41","6:41AM",AM
154,"13:09","1:09PM",PM
155,"9:33","9:33AM",AM
156,"21:02","9:02PM",PM
157,"16:21","4:21PM",PM
158,"11:00","11:00AM",AM
159,"18:37","6:37PM",PM
160,"15:09","3:09PM",PM
161,"15:04","3:04PM",PM
162,"21:34","9:34PM",PM
163,"8:30","8:30AM",AM
164,"16:26","4:26PM",PM
165,"19:52","7:52PM",PM
166,"21:12","9:12PM",PM
167,"12:34","12:34AM",AM
168,"8:10","8:10AM",AM
169,"10:23","10:23AM",AM
170,"18:13","6:13PM",PM
171,"22:53","10:53PM",PM
172,"16:11","4:11PM",PM
173,"14:40","2:40PM",PM
174,"20:38","8:38PM",PM
175,"6:45","6:45AM",AM
176,"12:29","12:29AM",AM
177,"9:20","9:20AM",AM
178,"19:43","7:43PM",PM
179,"21:27","9:27PM",PM
180,"19:30","7:30PM",PM
181,"11:34","11:34AM",AM
182,"10:28","10:28AM",AM
183,"8:31","8:31AM",AM
184,"12:33","12:33AM",AM
185,"18:23","6:23PM",PM
186,"13:15","1:15PM",PM
187,"22:00","10:00PM",PM
188,"16:34","4:34PM",PM
189,"18:09","6:09PM",PM
190,"21:29","9:29PM",PM
191,"9:29","9:29AM",AM
192,"19:33","7:33PM",PM
193,"14:14","2:14PM",PM
194,"21:05","9:05PM",PM
195,"17:09","5:09PM",PM
196,"12:32","12:32AM",AM
197,"7:44","7:44AM",AM
198,"19:26","7:26PM",PM
199,"14:49","2:49PM",PM
200,"17:39","5:39PM",PM
201,"21:38","9:38PM",PM
202,"7:21","7:21AM",AM
203,"19:32","7:32PM",PM
204,"5:55","5:55AM",AM
205,"13:22","1:22PM",PM
206,"10:29","10:29AM",AM
207,"17:15","5:15PM",PM
208,"7:56","7:56AM",AM
209,"6:22","6:22AM",AM
210,"16:47","4:47PM",PM
211,"17:12","5:12PM",PM
212,"10:54","10:54AM",AM
213,"10:08","10:08AM",AM
214,"11:11","11:11AM",AM
215,"18:16","6:16PM",PM
216,"15:13","3:13PM",PM
217,"5:26","5:26AM",AM
218,"10:49","10:49AM",AM
219,"8:22","8:22AM",AM
220,"13:30","1:30PM",PM
221,"17:27","5:27PM",PM
222,"21:06","9:06PM",PM
223,"17:36","5:36PM",PM
224,"8:12","8:12AM",AM
225,"11:25","11:25AM",AM
226,"18:42","6:42PM",PM
227,"6:49","6:49AM",AM
228,"16:54","4:54PM",PM
229,"7:01","7:01AM",AM
230,"7:34","7:34AM",AM
231,"6:12","6:12AM",AM
232,"18:36","6:36PM",PM
233,"19:11","7:11PM",PM
234,"8:27","8:27AM",AM
235,"7:46","7:46AM",AM
236,"6:27","6:27AM",AM
237,"13:02","1:02PM",PM
238,"12:44","12:44AM",AM
239,"17:00","5:00PM",PM
240,"5:56","5:56AM",AM
241,"11:10","11:10AM",AM
242,"9:57","9:57AM",AM
243,"18:00","6:00PM",PM
244,"12:01","12:01AM",AM
245,"8:15","8:15AM",AM
246,"16:05","4:05PM",PM
247,"19:38","7:38PM",PM
248,"7:15","7:15AM",AM
249,"16:28","4:28PM",PM
250,"6:51","6:51AM",AM
251,"13:43","1:43PM",PM
252,"16:50","4:50PM",PM
253,"17:41","5:41PM",PM
254,"7:05","7:05AM",AM
255,"6:09","6:09AM",AM
256,"14:12","2:12PM",PM
257,"9:24","9:24AM",AM
258,"17:13","5:13PM",PM
259,"11:29","11:29AM",AM
260,"18:21","6:21PM",PM
261,"12:50","12:50AM",AM
262,"13:45","1:45PM",PM
263,"6:26","6:26AM",AM
264,"17:02","5:02PM",PM
265,"21:20","9:20PM",PM
266,"12:55","12:55AM",AM
267,"18:41","6:41PM",PM
268,"14:52","2:52PM",PM
269,"9:37","9:37AM",AM
270,"10:34","10:34AM",AM
271,"6:55","6:55AM",AM
272,"12:54","12:54AM",AM
273,"5:40","5:40AM",AM
274,"19:15","7:15PM",PM
275,"15:23","3:23PM",PM
276,"11:55","11:55AM",AM
277,"8:54","8:54AM",AM
278,"17:42","5:42PM",PM
279,"19:40","7:40PM",PM
280,"10:18","10:18AM",AM
281,"17:23","5:23PM",PM
282,"6:10","6:10AM",AM
283,"10:53","10:53AM",AM
284,"19:35","7:35PM",PM
285,"18:02","6:02PM",PM
286,"20:50","8:50PM",PM
287,"12:11","12:11AM",AM
288,"11:56","11:56AM",AM
289,"6:35","6:35AM",AM
290,"9:58","9:58AM",AM
291,"12:46","12:46AM",AM
292,"10:13","10:13AM",AM
293,"13:06","1:06PM",PM
294,"7:33","7:33AM",AM
295,"20:28","8:28PM",PM
296,"6:46","6:46AM",AM
297,"16:44","4:44PM",PM
298,"18:48","6:48PM",PM
299,"8:44","8:44AM",AM
300,"16:07","4:07PM",PM
301,"11:50","11:50AM",AM
302,"11:23","11:23AM",AM
303,"16:14","4:14PM",PM
304,"17:56","5:56PM",PM
305,"21:26","9:26PM",PM
306,"14:51","2:51PM",PM
307,"9:09","9:09AM",AM
308,"12:51","12:51AM",AM
309,"13:42","1:42PM",PM
310,"18:25","6:25PM",PM
311,"15:10","3:10PM",PM
312,"21:01","9:01PM",PM
313,"22:13","10:13PM",PM
314,"8:47","8:47AM",AM
315,"14:01","2:01PM",PM
316,"20:17","8:17PM",PM
317,"14:10","2:10PM",PM
318,"6:25","6:25AM",AM
319,"11:05","11:05AM",AM
320,"17:06","5:06PM",PM
321,"19:45","7:45PM",PM
322,"8:56","8:56AM",AM
323,"10:03","10:03AM",AM
324,"16:56","4:56PM",PM
325,"22:18","10:18PM",PM
326,"18:49","6:49PM",PM
327,"16:58","4:58PM",PM
328,"22:10","10:10PM",PM
329,"11:51","11:51AM",AM
330,"13:56","1:56PM",PM
331,"7:51","7:51AM",AM
332,"15:19","3:19PM",PM
333,"19:12","7:12PM",PM
334,"17:17","5:17PM",PM
335,"9:21","9:21AM",AM
336,"14:37","2:37PM",PM
337,"10:32","10:32AM",AM
338,"8:23","8:23AM",AM
339,"21:50","9:50PM",PM
340,"15:54","3:54PM",PM
341,"11:12","11:12AM",AM
342,"21:00","9:00PM",PM
343,"10:50","10:50AM",AM
344,"17:53","5:53PM",PM
345,"20:24","8:24PM",PM
346,"13:36","1:36PM",PM
347,"9:31","9:31AM",AM
348,"21:49","9:49PM",PM
349,"11:41","11:41AM",AM
350,"19:36","7:36PM",PM
351,"8:34","8:34AM",AM
352,"9:38","9:38AM",AM
353,"21:45","9:45PM",PM
354,"11:26","11:26AM",AM
355,"15:51","3:51PM",PM
356,"9:04","9:04AM",AM
357,"16:53","4:53PM",PM
358,"19:27","7:27PM",PM
359,"10:16","10:16AM",AM
360,"17:43","5:43PM",PM
361,"13:37","1:37PM",PM
362,"22:06","10:06PM",PM
363,"17:48","5:48PM",PM
364,"9:54","9:54AM",AM
365,"22:20","10:20PM",PM
366,"17:50","5:50PM",PM
367,"18:39","6:39PM",PM
368,"7:13","7:13AM",AM
369,"19:59","7:59PM",PM
370,"10:52","10:52AM",AM
371,"21:19","9:19PM",PM
372,"12:52","12:52AM",AM
373,"14:39","2:39PM",PM
374,"7:27","7:27AM",AM
375,"6:01","6:01AM",AM
376,"19:05","7:05PM",PM
377,"5:36","5:36AM",AM
378,"13:04","1:04PM",PM
379,"15:26","3:26PM",PM
380,"21:16","9:16PM",PM
381,"8:46","8:46AM",AM
382,"18:29","6:29PM",PM
383,"6:15","6:15AM",AM
384,"15:00","3:00PM",PM
385,"13:54","1:54PM",PM
386,"20:32","8:32PM",PM
387,"20:40","8:40PM",PM
388,"12:43","12:43AM",AM
389,"11:31","11:31AM",AM
390,"7:22","7:22AM",AM
391,"10:12","10:12AM",AM
392,"15:59","3:59PM",PM
393,"10:19","10:19AM",AM
394,"7:06","7:06AM",AM
395,"18:50","6:50PM",PM
396,"7:49","7:49AM",AM
397,"5:31","5:31AM",AM
398,"22:03","10:03PM",PM
399,"7:30","7:30AM",AM
400,"14:35","2:35PM",PM
401,"14:41","2:41PM",PM
402,"8:41","8:41AM",AM
403,"6:13","6:13AM",AM
404,"20:04","8:04PM",PM
405,"7:08","7:08AM",AM
406,"16:46","4:46PM",PM
407,"11:35","11:35AM",AM
408,"11:48","11:48AM",AM
409,"13:41","1:41PM",PM
410,"10:37","10:37AM",AM
411,"15:46","3:46PM",PM
412,"14:26","2:26PM",PM
413,"6:47","6:47AM",AM
414,"16:42","4:42PM",PM
415,"12:38","12:38AM",AM
416,"19:57","7:57PM",PM
417,"22:38","10:38PM",PM
418,"17:10","5:10PM",PM
419,"20:59","8:59PM",PM
420,"7:00","7:00AM",AM
421,"18:34","6:34PM",PM
422,"22:09","10:09PM",PM
423,"16:16","4:16PM",PM
424,"9:28","9:28AM",AM
425,"13:55","1:55PM",PM
426,"12:00","12:00AM",AM
427,"9:44","9:44AM",AM
428,"6:00","6:00AM",AM
429,"10:15","10:15AM",AM
430,"5:51","5:51AM",AM
431,"19:23","7:23PM",PM
432,"7:24","7:24AM",AM
433,"11:30","11:30AM",AM
434,"16:48","4:48PM",PM
435,"14:50","2:50PM",PM
436,"8:25","8:25AM",AM
437,"21:25","9:25PM",PM
438,"18:19","6:19PM",PM
439,"7:35","7:35AM",AM
440,"23:48","11:48PM",PM
441,"6:39","6:39AM",AM
442,"14:05","2:05PM",PM
443,"20:09","8:09PM",PM
444,"20:58","8:58PM",PM
445,"10:48","10:48AM",AM
446,"23:34","11:34PM",PM
447,"8:51","8:51AM",AM
448,"18:07","6:07PM",PM
449,"18:12","6:12PM",PM
450,"11:33","11:33AM",AM
451,"13:17","1:17PM",PM
452,"15:45","3:45PM",PM
453,"8:39","8:39AM",AM
454,"6:48","6:48AM",AM
455,"15:30","3:30PM",PM
456,"9:41","9:41AM",AM
457,"20:48","8:48PM",PM
458,"17:52","5:52PM",PM
459,"17:32","5:32PM",PM
460,"6:42","6:42AM",AM
461,"10:21","10:21AM",AM
462,"14:30","2:30PM",PM
463,"13:10","1:10PM",PM
464,"12:07","12:07AM",AM
465,"10:05","10:05AM",AM
466,"19:22","7:22PM",PM
467,"20:22","8:22PM",PM
468,"21:59","9:59PM",PM
469,"15:41","3:41PM",PM
470,"21:18","9:18PM",PM
471,"22:26","10:26PM",PM
472,"19:50","7:50PM",PM
473,"12:31","12:31AM",AM
474,"15:27","3:27PM",PM
475,"12:10","12:10AM",AM
476,"15:39","3:39PM",PM
477,"20:55","8:55PM",PM
478,"22:54","10:54PM",PM
479,"20:27","8:27PM",PM
480,"8:58","8:58AM",AM
481,"21:24","9:24PM",PM
482,"8:49","8:49AM",AM
483,"12:05","12:05AM",AM
484,"11:02","11:02AM",AM
485,"16:55","4:55PM",PM
486,"17:40","5:40PM",PM
487,"15:50","3:50PM",PM
488,"9:40","9:40AM",AM
489,"11:58","11:58AM",AM
490,"8:43","8:43AM",AM
491,"7:31","7:31AM",AM
492,"20:08","8:08PM",PM
493,"23:30","11:30PM",PM
494,"19:17","7:17PM",PM
495,"13:49","1:49PM",PM
496,"20:56","8:56PM",PM
497,"7:43","7:43AM",AM
498,"21:46","9:46PM",PM
499,"15:22","3:22PM",PM
500,"10:46","10:46AM",AM
501,"9:43","9:43AM",AM
502,"7:53","7:53AM",AM
503,"11:39","11:39AM",AM
504,"18:27","6:27PM",PM
505,"14:34","2:34PM",PM
506,"17:03","5:03PM",PM
507,"9:39","9:39AM",AM
508,"12:26","12:26AM",AM
509,"15:36","3:36PM",PM
510,"7:47","7:47AM",AM
511,"21:47","9:47PM",PM
512,"21:52","9:52PM",PM
513,"16:32","4:32PM",PM
514,"18:22","6:22PM",PM
515,"9:32","9:32AM",AM
516,"6:56","6:56AM",AM
517,"20:57","8:57PM",PM
518,"13:07","1:07PM",PM
519,"13:25","1:25PM",PM
520,"19:56","7:56PM",PM
521,"23:01","11:01PM",PM
522,"13:51","1:51PM",PM
523,"7:23","7:23AM",AM
524,"18:55","6:55PM",PM
525,"9:56","9:56AM",AM
526,"18:06","6:06PM",PM
527,"8:14","8:14AM",AM
528,"7:09","7:09AM",AM
529,"9:06","9:06AM",AM
530,"18:47","6:47PM",PM
531,"14:58","2:58PM",PM
532,"6:24","6:24AM",AM
533,"19:02","7:02PM",PM
534,"17:49","5:49PM",PM
535,"13:23","1:23PM",PM
536,"20:07","8:07PM",PM
537,"11:08","11:08AM",AM
538,"14:08","2:08PM",PM
539,"21:51","9:51PM",PM
540,"16:03","4:03PM",PM
541,"13:59","1:59PM",PM
542,"22:21","10:21PM",PM
543,"11:21","11:21AM",AM
544,"8:28","8:28AM",AM
545,"16:31","4:31PM",PM
546,"19:07","7:07PM",PM
547,"12:59","12:59AM",AM
548,"12:06","12:06AM",AM
549,"22:48","10:48PM",PM
550,"18:26","6:26PM",PM
551,"7:14","7:14AM",AM
552,"21:35","9:35PM",PM
553,"9:03","9:03AM",AM
554,"16:00","4:00PM",PM
555,"6:37","6:37AM",AM
556,"8:26","8:26AM",AM
557,"9:48","9:48AM",AM
558,"14:56","2:56PM",PM
559,"16:40","4:40PM",PM
560,"19:01","7:01PM",PM
561,"6:21","6:21AM",AM
562,"13:34","1:34PM",PM
563,"12:02","12:02AM",AM
564,"13:46","1:46PM",PM
565,"18:18","6:18PM",PM
566,"15:44","3:44PM",PM
567,"19:49","7:49PM",PM
568,"7:38","7:38AM",AM
569,"6:32","6:32AM",AM
570,"15:56","3:56PM",PM
571,"20:14","8:14PM",PM
572,"15:29","3:29PM",PM
573,"20:45","8:45PM",PM
574,"8:29","8:29AM",AM
575,"12:28","12:28AM",AM
576,"20:30","8:30PM",PM
577,"13:12","1:12PM",PM
578,"15:38","3:38PM",PM
579,"14:44","2:44PM",PM
580,"8:50","8:50AM",AM
581,"19:54","7:54PM",PM
582,"16:09","4:09PM",PM
583,"19:28","7:28PM",PM
584,"14:27","2:27PM",PM
585,"16:18","4:18PM",PM
586,"20:20","8:20PM",PM
587,"10:04","10:04AM",AM
588,"21:44","9:44PM",PM
589,"10:36","10:36AM",AM
590,"16:25","4:25PM",PM
591,"19:31","7:31PM",PM
592,"6:40","6:40AM",AM
593,"21:28","9:28PM",PM
594,"7:16","7:16AM",AM
595,"9:34","9:34AM",AM
596,"19:24","7:24PM",PM
597,"19:06","7:06PM",PM
598,"17:45","5:45PM",PM
599,"18:56","6:56PM",PM
600,"13:26","1:26PM",PM
601,"9:13","9:13AM",AM
602,"17:24","5:24PM",PM
603,"15:34","3:34PM",PM
604,"10:30","10:30AM",AM
605,"8:05","8:05AM",AM
606,"16:15","4:15PM",PM
607,"18:33","6:33PM",PM
608,"5:45","5:45AM",AM
609,"13:53","1:53PM",PM
610,"11:06","11:06AM",AM
611,"5:41","5:41AM",AM
612,"21:15","9:15PM",PM
613,"22:14","10:14PM",PM
614,"21:14","9:14PM",PM
615,"8:55","8:55AM",AM
616,"13:00","1:00PM",PM
617,"19:10","7:10PM",PM
618,"21:23","9:23PM",PM
619,"10:35","10:35AM",AM
620,"6:23","6:23AM",AM
621,"14:21","2:21PM",PM
622,"13:28","1:28PM",PM
623,"8:00","8:00AM",AM
624,"10:44","10:44AM",AM
625,"14:02","2:02PM",PM
626,"18:57","6:57PM",PM
627,"13:40","1:40PM",PM
628,"10:39","10:39AM",AM
629,"19:21","7:21PM",PM
630,"7:18","7:18AM",AM
631,"15:58","3:58PM",PM
632,"16:27","4:27PM",PM
633,"21:21","9:21PM",PM
634,"13:44","1:44PM",PM
635,"14:00","2:00PM",PM
636,"11:16","11:16AM",AM
637,"11:22","11:22AM",AM
638,"13:19","1:19PM",PM
639,"10:33","10:33AM",AM
640,"18:10","6:10PM",PM
641,"10:25","10:25AM",AM
642,"15:21","3:21PM",PM
643,"19:46","7:46PM",PM
644,"16:36","4:36PM",PM
645,"8:04","8:04AM",AM
646,"16:59","4:59PM",PM
647,"6:44","6:44AM",AM
648,"13:57","1:57PM",PM
649,"16:20","4:20PM",PM
650,"14:11","2:11PM",PM
651,"17:34","5:34PM",PM
652,"6:38","6:38AM",AM
653,"20:05","8:05PM",PM
654,"17:26","5:26PM",PM
655,"6:06","6:06AM",AM
656,"7:02","7:02AM",AM
657,"19:19","7:19PM",PM
658,"5:25","5:25AM",AM
659,"12:23","12:23AM",AM
660,"19:25","7:25PM",PM
661,"17:08","5:08PM",PM
662,"19:48","7:48PM",PM
663,"12:08","12:08AM",AM
664,"6:54","6:54AM",AM
665,"8:38","8:38AM",AM
666,"13:05","1:05PM",PM
667,"11:42","11:42AM",AM
668,"20:43","8:43PM",PM
669,"9:18","9:18AM",AM
670,"14:42","2:42PM",PM
671,"5:21","5:21AM",AM
672,"10:07","10:07AM",AM
673,"5:34","5:34AM",AM
674,"5:28","5:28AM",AM
675,"11:14","11:14AM",AM
676,"17:25","5:25PM",PM
677,"11:37","11:37AM",AM
678,"15:33","3:33PM",PM
679,"5:35","5:35AM",AM
680,"19:14","7:14PM",PM
681,"21:53","9:53PM",PM
682,"23:11","11:11PM",PM
683,"22:52","10:52PM",PM
684,"16:22","4:22PM",PM
685,"12:40","12:40AM",AM
686,"10:47","10:47AM",AM
687,"15:49","3:49PM",PM
688,"13:31","1:31PM",PM
689,"6:14","6:14AM",AM
690,"6:17","6:17AM",AM
691,"9:52","9:52AM",AM
692,"11:13","11:13AM",AM
693,"22:30","10:30PM",PM
694,"11:28","11:28AM",AM
695,"8:03","8:03AM",AM
696,"12:21","12:21AM",AM
697,"14:38","2:38PM",PM
698,"22:40","10:40PM",PM
699,"17:14","5:14PM",PM
700,"8:19","8:19AM",AM
701,"8:20","8:20AM",AM
702,"17:30","5:30PM",PM
703,"5:57","5:57AM",AM
704,"20:15","8:15PM",PM
705,"6:03","6:03AM",AM
706,"7:48","7:48AM",AM
707,"11:49","11:49AM",AM
708,"6:19","6:19AM",AM
709,"22:23","10:23PM",PM
710,"18:44","6:44PM",PM
711,"23:20","11:20PM",PM
712,"8:35","8:35AM",AM
713,"22:39","10:39PM",PM
714,"5:59","5:59AM",AM
715,"16:06","4:06PM",PM
716,"9:50","9:50AM",AM
717,"8:17","8:17AM",AM
718,"15:08","3:08PM",PM
719,"17:29","5:29PM",PM
720,"11:04","11:04AM",AM
721,"12:53","12:53AM",AM
722,"17:33","5:33PM",PM
723,"14:29","2:29PM",PM
724,"13:01","1:01PM",PM
725,"17:37","5:37PM",PM
726,"9:47","9:47AM",AM
727,"14:19","2:19PM",PM
728,"15:18","3:18PM",PM
729,"16:33","4:33PM",PM
730,"14:55","2:55PM",PM
731,"6:11","6:11AM",AM
732,"16:43","4:43PM",PM
733,"18:38","6:38PM",PM
734,"21:48","9:48PM",PM
735,"7:42","7:42AM",AM
736,"11:45","11:45AM",AM
737,"14:18","2:18PM",PM
738,"17:38","5:38PM",PM
739,"9:23","9:23AM",AM
740,"10:06","10:06AM",AM
741,"14:32","2:32PM",PM
742,"11:03","11:03AM",AM
743,"20:31","8:31PM",PM
744,"17:19","5:19PM",PM
745,"11:01","11:01AM",AM
746,"16:01","4:01PM",PM
747,"20:36","8:36PM",PM
748,"6:34","6:34AM",AM
749,"13:32","1:32PM",PM
750,"14:17","2:17PM",PM
751,"21:30","9:30PM",PM
752,"18:52","6:52PM",PM
753,"13:16","1:16PM",PM
754,"7:03","7:03AM",AM
755,"20:49","8:49PM",PM
756,"12:16","12:16AM",AM
757,"15:43","3:43PM",PM
758,"8:11","8:11AM",AM
759,"20:03","8:03PM",PM
760,"13:35","1:35PM",PM
761,"7:07","7:07AM",AM
762,"16:10","4:10PM",PM
763,"22:33","10:33PM",PM
764,"9:05","9:05AM",AM
765,"10:01","10:01AM",AM
766,"5:04","5:04AM",AM
767,"22:04","10:04PM",PM
768,"15:52","3:52PM",PM
769,"8:09","8:09AM",AM
770,"20:19","8:19PM",PM
771,"6:50","6:50AM",AM
772,"19:18","7:18PM",PM
773,"15:55","3:55PM",PM
774,"8:21","8:21AM",AM
775,"12:14","12:14AM",AM
776,"14:43","2:43PM",PM
777,"9:15","9:15AM",AM
778,"10:11","10:11AM",AM
779,"13:58","1:58PM",PM
780,"11:07","11:07AM",AM
781,"8:52","8:52AM",AM
782,"21:33","9:33PM",PM
783,"14:25","2:25PM",PM
784,"5:46","5:46AM",AM
785,"19:08","7:08PM",PM
786,"5:14","5:14AM",AM
787,"11:54","11:54AM",AM
788,"8:01","8:01AM",AM
789,"15:48","3:48PM",PM
790,"18:05","6:05PM",PM
791,"11:57","11:57AM",AM
792,"14:24","2:24PM",PM
793,"12:24","12:24AM",AM
794,"18:40","6:40PM",PM
795,"12:45","12:45AM",AM
796,"7:19","7:19AM",AM
797,"16:35","4:35PM",PM
798,"6:28","6:28AM",AM
799,"10:59","10:59AM",AM
800,"11:47","11:47AM",AM
801,"14:46","2:46PM",PM
802,"6:53","6:53AM",AM
803,"20:25","8:25PM",PM
804,"11:18","11:18AM",AM
805,"16:02","4:02PM",PM
806,"9:53","9:53AM",AM
807,"19:58","7:58PM",PM
808,"17:58","5:58PM",PM
809,"17:59","5:59PM",PM
810,"6:33","6:33AM",AM
811,"6:18","6:18AM",AM
812,"12:09","12:09AM",AM
813,"8:53","8:53AM",AM
814,"15:12","3:12PM",PM
815,"7:04","7:04AM",AM
816,"16:13","4:13PM",PM
817,"9:35","9:35AM",AM
818,"20:52","8:52PM",PM
819,"9:17","9:17AM",AM
820,"5:49","5:49AM",AM
821,"15:07","3:07PM",PM
822,"9:10","9:10AM",AM
823,"12:35","12:35AM",AM
824,"14:59","2:59PM",PM
825,"11:59","11:59AM",AM
826,"19:47","7:47PM",PM
827,"22:49","10:49PM",PM
828,"18:30","6:30PM",PM
829,"5:54","5:54AM",AM
830,"19:16","7:16PM",PM
831,"19:03","7:03PM",PM
832,"20:53","8:53PM",PM
833,"7:10","7:10AM",AM
834,"9:07","9:07AM",AM
835,"22:07","10:07PM",PM
836,"21:32","9:32PM",PM
837,"22:27","10:27PM",PM
838,"9:02","9:02AM",AM
839,"21:10","9:10PM",PM
840,"9:00","9:00AM",AM
841,"22:25","10:25PM",PM
842,"18:35","6:35PM",PM
843,"15:53","3:53PM",PM
844,"14:23","2:23PM",PM
845,"21:09","9:09PM",PM
846,"10:17","10:17AM",AM
847,"13:14","1:14PM",PM
848,"7:52","7:52AM",AM
849,"5:32","5:32AM",AM
850,"5:44","5:44AM",AM
851,"19:29","7:29PM",PM
852,"6:08","6:08AM",AM
853,"16:30","4:30PM",PM
854,"14:13","2:13PM",PM
855,"9:59","9:59AM",AM
856,"5:47","5:47AM",AM
857,"17:21","5:21PM",PM
858,"12:48","12:48AM",AM
859,"15:20","3:20PM",PM
860,"8:45","8:45AM",AM
861,"12:39","12:39AM",AM
862,"17:35","5:35PM",PM
863,"5:53","5:53AM",AM
864,"12:58","12:58AM",AM
865,"5:27","5:27AM",AM
866,"11:44","11:44AM",AM
867,"20:21","8:21PM",PM
868,"8:36","8:36AM",AM
869,"9:01","9:01AM",AM
870,"6:07","6:07AM",AM
871,"11:52","11:52AM",AM
872,"16:23","4:23PM",PM
873,"7:41","7:41AM",AM
874,"8:08","8:08AM",AM
875,"12:04","12:04AM",AM
876,"7:28","7:28AM",AM
877,"6:52","6:52AM",AM
878,"18:43","6:43PM",PM
879,"18:04","6:04PM",PM
880,"7:36","7:36AM",AM
881,"18:08","6:08PM",PM
882,"16:17","4:17PM",PM
883,"14:16","2:16PM",PM
884,"8:24","8:24AM",AM
885,"7:25","7:25AM",AM
886,"15:25","3:25PM",PM
887,"10:58","10:58AM",AM
888,"20:37","8:37PM",PM
889,"18:11","6:11PM",PM
890,"15:35","3:35PM",PM
891,"14:04","2:04PM",PM
892,"15:01","3:01PM",PM
893,"9:19","9:19AM",AM
894,"18:24","6:24PM",PM
895,"14:36","2:36PM",PM
896,"5:01","5:01AM",AM
897,"8:18","8:18AM",AM
898,"19:04","7:04PM",PM
899,"12:37","12:37AM",AM
900,"9:55","9:55AM",AM
901,"15:03","3:03PM",PM
902,"5:08","5:08AM",AM
903,"5:30","5:30AM",AM
904,"8:37","8:37AM",AM
905,"14:54","2:54PM",PM
906,"5:50","5:50AM",AM
907,"7:17","7:17AM",AM
908,"15:28","3:28PM",PM
909,"8:13","8:13AM",AM
910,"17:20","5:20PM",PM
911,"13:08","1:08PM",PM
912,"11:53","11:53AM",AM
913,"16:29","4:29PM",PM
914,"15:57","3:57PM",PM
915,"8:32","8:32AM",AM
916,"20:41","8:41PM",PM
917,"15:15","3:15PM",PM
918,"21:07","9:07PM",PM
919,"9:11","9:11AM",AM
920,"8:40","8:40AM",AM
921,"18:58","6:58PM",PM
922,"9:45","9:45AM",AM
923,"21:58","9:58PM",PM
924,"18:01","6:01PM",PM
925,"20:39","8:39PM",PM
926,"5:48","5:48AM",AM
927,"7:26","7:26AM",AM
928,"15:02","3:02PM",PM
929,"12:49","12:49AM",AM
930,"17:22","5:22PM",PM
931,"7:12","7:12AM",AM
932,"14:22","2:22PM",PM
933,"13:52","1:52PM",PM
934,"11:09","11:09AM",AM
935,"20:26","8:26PM",PM
936,"15:32","3:32PM",PM
937,"19:55","7:55PM",PM
938,"11:17","11:17AM",AM
939,"19:13","7:13PM",PM
940,"6:43","6:43AM",AM
941,"22:05","10:05PM",PM
942,"14:07","2:07PM",PM
943,"8:48","8:48AM",AM
944,"9:08","9:08AM",AM
945,"8:59","8:59AM",AM
946,"10:02","10:02AM",AM
947,"16:38","4:38PM",PM
948,"20:46","8:46PM",PM
949,"17:16","5:16PM",PM
950,"20:11","8:11PM",PM
951,"20:42","8:42PM",PM
952,"19:53","7:53PM",PM
953,"14:31","2:31PM",PM
954,"7:45","7:45AM",AM
955,"12:18","12:18AM",AM
956,"22:01","10:01PM",PM
957,"17:18","5:18PM",PM
958,"22:35","10:35PM",PM
959,"18:03","6:03PM",PM
960,"10:56","10:56AM",AM
961,"21:13","9:13PM",PM
962,"22:12","10:12PM",PM
963,"12:20","12:20AM",AM
964,"22:19","10:19PM",PM
965,"10:00","10:00AM",AM
966,"9:14","9:14AM",AM
967,"15:31","3:31PM",PM
968,"9:51","9:51AM",AM
969,"21:36","9:36PM",PM
970,"10:40","10:40AM",AM
971,"5:23","5:23AM",AM
972,"16:39","4:39PM",PM
973,"7:39","7:39AM",AM
974,"5:05","5:05AM",AM
975,"21:40","9:40PM",PM
976,"21:42","9:42PM",PM
977,"21:22","9:22PM",PM
978,"17:54","5:54PM",PM
979,"11:40","11:40AM",AM
980,"14:06","2:06PM",PM
981,"15:42","3:42PM",PM
982,"14:03","2:03PM",PM
983,"8:02","8:02AM",AM
984,"11:32","11:32AM",AM
985,"21:43","9:43PM",PM
986,"21:55","9:55PM",PM
987,"17:28","5:28PM",PM
988,"21:04","9:04PM",PM
989,"22:58","10:58PM",PM
990,"19:44","7:44PM",PM
991,"16:41","4:41PM",PM
992,"15:11","3:11PM",PM
993,"17:47","5:47PM",PM
994,"13:03","1:03PM",PM
995,"20:54","8:54PM",PM
996,"16:45","4:45PM",PM
997,"12:17","12:17AM",AM
998,"20:34","8:34PM",PM
999,"20:18","8:18PM",PM
1000,"11:36","11:36AM",AM
1001,"22:42","10:42PM",PM
1002,"12:42","12:42AM",AM
1003,"19:42","7:42PM",PM
1004,"5:18","5:18AM",AM
1005,"14:28","2:28PM",PM
1006,"16:37","4:37PM",PM
1007,"12:36","12:36AM",AM
1008,"20:33","8:33PM",PM
1009,"20:02","8:02PM",PM
1010,"21:57","9:57PM",PM
1011,"7:58","7:58AM",AM
1012,"17:07","5:07PM",PM
1013,"5:16","5:16AM",AM
1014,"17:57","5:57PM",PM
1015,"20:12","8:12PM",PM
1016,"6:31","6:31AM",AM
1017,"21:39","9:39PM",PM
1018,"8:06","8:06AM",AM
1019,"15:16","3:16PM",PM
1020,"22:59","10:59PM",PM
1021,"5:09","5:09AM",AM
1022,"14:53","2:53PM",PM
1023,"12:15","12:15AM",AM
1024,"7:29","7:29AM",AM
1025,"21:11","9:11PM",PM
1026,"16:08","4:08PM",PM
1027,"22:02","10:02PM",PM
1028,"5:29","5:29AM",AM
1029,"14:09","2:09PM",PM
1030,"13:33","1:33PM",PM
1031,"14:33","2:33PM",PM
1032,"22:15","10:15PM",PM
1033,"13:47","1:47PM",PM
1034,"4:56","4:56AM",AM
1035,"22:34","10:34PM",PM
1036,"22:08","10:08PM",PM
1037,"22:17","10:17PM",PM
1038,"5:37","5:37AM",AM
1039,"22:31","10:31PM",PM
1040,"5:24","5:24AM",AM
1041,"14:45","2:45PM",PM
1042,"22:57","10:57PM",PM
1043,"22:41","10:41PM",PM
1044,"22:24","10:24PM",PM
1045,"17:01","5:01PM",PM
1046,"5:33","5:33AM",AM
1047,"12:13","12:13AM",AM
1048,"9:12","9:12AM",AM
1049,"5:11","5:11AM",AM
1050,"18:14","6:14PM",PM
1051,"21:54","9:54PM",PM
1052,"7:32","7:32AM",AM
1053,"23:29","11:29PM",PM
1054,"5:39","5:39AM",AM
1055,"5:07","5:07AM",AM
1056,"19:20","7:20PM",PM
1057,"5:15","5:15AM",AM
1058,"12:47","12:47AM",AM
1059,"5:02","5:02AM",AM
1060,"4:55","4:55AM",AM
1061,"22:44","10:44PM",PM
1062,"22:11","10:11PM",PM
1063,"19:00","7:00PM",PM
1064,"20:47","8:47PM",PM
1065,"21:56","9:56PM",PM
1066,"7:37","7:37AM",AM
1067,"22:47","10:47PM",PM
1068,"5:52","5:52AM",AM
1069,"5:22","5:22AM",AM
1070,"9:22","9:22AM",AM
1071,"20:29","8:29PM",PM
1072,"22:29","10:29PM",PM
1073,"23:03","11:03PM",PM
1074,"23:14","11:14PM",PM
1075,"5:10","5:10AM",AM
1076,"4:58","4:58AM",AM
1077,"22:45","10:45PM",PM
1078,"22:43","10:43PM",PM
1079,"5:20","5:20AM",AM
1080,"22:37","10:37PM",PM
1081,"5:00","5:00AM",AM
1082,"5:13","5:13AM",AM
1083,"23:51","11:51PM",PM
1084,"22:36","10:36PM",PM
1085,"23:36","11:36PM",PM
1086,"23:12","11:12PM",PM
1087,"5:06","5:06AM",AM
1088,"5:03","5:03AM",AM
1089,"23:06","11:06PM",PM
1090,"23:00","11:00PM",PM
1091,"13:00","13:00AM",AM
1092,"22:22","10:22PM",PM
1093,"4:52","4:52AM",AM
1094,"4:57","4:57AM",AM
1095,"4:59","4:59AM",AM
1096,"4:53","4:53AM",AM
1097,"4:54","4:54AM",AM
1098,"4:50","4:50AM",AM
1099,"4:49","4:49AM",AM
1100,"4:46","4:46AM",AM
1101,"4:47","4:47AM",AM
1102,"9:00","9:00AM",AM
1103,"1:07","1:07AM",AM
1104,"5:17","5:17AM",AM
1105,"5:12","5:12AM",AM
1106,"22:50","10:50PM",PM
1107,"4:48","4:48AM",AM
1108,"4:51","4:51AM",AM
1109,"23:15","11:15PM",PM
1110,"23:16","11:16PM",PM
1111,"23:55","11:55PM",PM
1112,"23:54","11:54PM",PM
1113,"5:19","5:19AM",AM
1114,"22:00","22:00AM",AM
1115,"23:38","11:38PM",PM
1116,"23:56","11:56PM",PM
1117,"23:23","11:23PM",PM
1118,"23:41","11:41PM",PM
1119,"23:44","11:44PM",PM
1120,"1:00","1:00AM",AM
1121,"28:00","28:00AM",AM
1122,"22:56","10:56PM",PM
1123,"3:00","3:00AM",AM
1124,"23:08","11:08PM",PM
1125,"23:21","11:21PM",PM
1126,"3:47","3:47AM",AM
1127,"23:24","11:24PM",PM
1128,"23:33","11:33PM",PM
1129,"22:55","10:55PM",PM
1130,"23:04","11:04PM",PM
1131,"23:02","11:02PM",PM
1132,"23:07","11:07PM",PM
1133,"22:51","10:51PM",PM
1134,"23:26","11:26PM",PM
1135,"23:43","11:43PM",PM
1136,"23:28","11:28PM",PM
1137,"23:25","11:25PM",PM
1138,"23:59","11:59PM",PM
1139,"50:00","50:00AM",AM
1140,"23:49","11:49PM",PM
1141,"23:40","11:40PM",PM
1142,"23:10","11:10PM",PM
1143,"23:35","11:35PM",PM
1144,"23:19","11:19PM",PM
1145,"23:00","23:00AM",AM
1146,"1:58","1:58AM",AM
1147,"23:17","11:17PM",PM
1148,"22:32","10:32PM",PM
1149,"23:45","11:45PM",PM
1150,"46:00","46:00AM",AM
1151,"23:18","11:18PM",PM
1152,"1:17","1:17AM",AM
1153,"23:09","11:09PM",PM
1154,"52:00","52:00AM",AM
1155,"1:39","1:39AM",AM
1156,"56:00","56:00AM",AM
1157,"1:12","1:12AM",AM
1158,"1:22","1:22AM",AM
1159,"8:00","8:00AM",AM
1160,"2:06","2:06AM",AM
1161,"51:00","51:00AM",AM
1162,"49:00","49:00AM",AM
1163,"37:00","37:00AM",AM
1164,"29:00","29:00AM",AM
1165,"23:22","11:22PM",PM
1166,"47:00","47:00AM",AM
1167,"38:00","38:00AM",AM
1168,"23:27","11:27PM",PM
1169,"23:31","11:31PM",PM
1170,"6:00","6:00AM",AM
1171,"23:46","11:46PM",PM
1172,"10:00","10:00AM",AM
1173,"2:00","2:00AM",AM
1174,"14:00","14:00AM",AM
1175,"11:00","11:00AM",AM
1176,"23:52","11:52PM",PM
1177,"15:00","15:00AM",AM
1178,"23:32","11:32PM",PM
1179,"43:00","43:00AM",AM
1180,"21:00","21:00AM",AM
1181,"34:00","34:00AM",AM
1182,"23:13","11:13PM",PM
1183,"2:21","2:21AM",AM
1184,"1:15","1:15AM",AM
1185,"1:19","1:19AM",AM
1186,"20:00","20:00AM",AM
1187,"23:37","11:37PM",PM
1188,"42:00","42:00AM",AM
1189,"55:00","55:00AM",AM
1190,"23:50","11:50PM",PM
1191,"23:39","11:39PM",PM
1192,"1:20","1:20AM",AM
1193,"23:57","11:57PM",PM
1194,"1:13","1:13AM",AM
1195,"23:42","11:42PM",PM
1196,"25:00","25:00AM",AM
1197,"7:00","7:00AM",AM
1198,"36:00","36:00AM",AM
1199,"1:34","1:34AM",AM
1200,"12:00","12:00AM",AM
1201,"30:00","30:00AM",AM
1202,"1:06","1:06AM",AM
1203,"31:00","31:00AM",AM
1204,"27:00","27:00AM",AM
1205,"59:00","59:00AM",AM
1206,"1:05","1:05AM",AM
1207,"1:35","1:35AM",AM
1208,"1:18","1:18AM",AM
1209,"41:00","41:00AM",AM
1210,"2:27","2:27AM",AM
1211,"39:00","39:00AM",AM
1212,"40:00","40:00AM",AM
1213,"53:00","53:00AM",AM
1214,"57:00","57:00AM",AM
1215,"54:00","54:00AM",AM
1216,"58:00","58:00AM",AM
1217,"1:04","1:04AM",AM
1218,"23:53","11:53PM",PM
1219,"1:30","1:30AM",AM
1220,"1:25","1:25AM",AM
1221,"33:00","33:00AM",AM
1222,"32:00","32:00AM",AM
1223,"2:28","2:28AM",AM
1224,"35:00","35:00AM",AM
1225,"48:00","48:00AM",AM
1226,"1:24","1:24AM",AM
1227,"1:21","1:21AM",AM
1228,"1:00","1:00AM",AM
1229,"2:10","2:10AM",AM
1230,"45:00","45:00AM",AM
1231,"4:00","4:00AM",AM
1232,"2:30","2:30AM",AM
1233,"44:00","44:00AM",AM
1234,"1:48","1:48AM",AM
1235,"1:41","1:41AM",AM
1236,"1:32","1:32AM",AM
1237,"19:00","19:00AM",AM
1238,"1:01","1:01AM",AM
1239,"17:00","17:00AM",AM
1240,"1:08","1:08AM",AM
1241,"1:23","1:23AM",AM
1242,"2:51","2:51AM",AM
1243,"1:43","1:43AM",AM
1244,"1:53","1:53AM",AM
1245,"3:57","3:57AM",AM
1246,"1:56","1:56AM",AM
1247,"1:33","1:33AM",AM
1248,"1:14","1:14AM",AM
1249,"26:00","26:00AM",AM
1250,"1:38","1:38AM",AM
1251,"4:16","4:16AM",AM
1252,"1:02","1:02AM",AM
1253,"1:03","1:03AM",AM
1254,"1:45","1:45AM",AM
1255,"4:17","4:17AM",AM
1256,"1:55","1:55AM",AM
1257,"2:35","2:35AM",AM
1258,"1:26","1:26AM",AM
1259,"3:45","3:45AM",AM
1260,"5:00","5:00AM",AM
1261,"23:58","11:58PM",PM
1262,"1:44","1:44AM",AM
1263,"1:46","1:46AM",AM
1264,"1:50","1:50AM",AM
1265,"1:42","1:42AM",AM
1266,"3:35","3:35AM",AM
1267,"1:11","1:11AM",AM
1268,"1:27","1:27AM",AM
1269,"4:03","4:03AM",AM
1270,"1:09","1:09AM",AM
1271,"3:43","3:43AM",AM
1272,"1:29","1:29AM",AM
1273,"1:16","1:16AM",AM
1274,"2:09","2:09AM",AM
1275,"1:28","1:28AM",AM
1276,"1:10","1:10AM",AM
1277,"24:00","24:00AM",AM
1278,"3:49","3:49AM",AM
1279,"3:34","3:34AM",AM
1280,"1:36","1:36AM",AM
1281,"1:37","1:37AM",AM
1282,"3:42","3:42AM",AM
1283,"1:47","1:47AM",AM
1284,"2:11","2:11AM",AM
1285,"1:31","1:31AM",AM
1286,"3:36","3:36AM",AM
1287,"24:00","12:00PM",PM
1288,"3:40","3:40AM",AM
1289,"3:31","3:31AM",AM
1290,"16:00","16:00AM",AM
1291,"2:26","2:26AM",AM
1292,"3:37","3:37AM",AM
1293,"3:53","3:53AM",AM
1294,"4:00","4:00AM",AM
1295,"3:55","3:55AM",AM
1296,"4:36","4:36AM",AM
1297,"4:01","4:01AM",AM
1298,"4:11","4:11AM",AM
1299,"4:22","4:22AM",AM
1300,"4:05","4:05AM",AM
1301,"4:38","4:38AM",AM
1302,"4:07","4:07AM",AM
1303,"4:13","4:13AM",AM
1304,"3:48","3:48AM",AM
1305,"3:56","3:56AM",AM
1306,"3:51","3:51AM",AM
1307,"3:52","3:52AM",AM
1308,"3:50","3:50AM",AM
1309,"18:00","18:00AM",AM
1310,"2:08","2:08AM",AM
1311,"2:38","2:38AM",AM
1312,"2:15","2:15AM",AM
1313,"2:07","2:07AM",AM
1314,"2:03","2:03AM",AM
1315,"4:45","4:45AM",AM
1316,"4:44","4:44AM",AM
1317,"1:52","1:52AM",AM
1318,"2:13","2:13AM",AM
1319,"1:40","1:40AM",AM
1320,"2:31","2:31AM",AM
1321,"2:40","2:40AM",AM
1322,"4:15","4:15AM",AM
1323,"2:55","2:55AM",AM
1324,"3:08","3:08AM",AM
1325,"1:59","1:59AM",AM
1326,"2:19","2:19AM",AM
1327,"3:19","3:19AM",AM
1328,"3:18","3:18AM",AM
1329,"3:05","3:05AM",AM
1330,"3:11","3:11AM",AM
1331,"2:34","2:34AM",AM
1332,"2:12","2:12AM",AM
1333,"1:54","1:54AM",AM
1334,"1:49","1:49AM",AM
1335,"3:12","3:12AM",AM
1336,"2:58","2:58AM",AM
1337,"4:32","4:32AM",AM
1338,"2:16","2:16AM",AM
1339,"2:17","2:17AM",AM
1340,"4:27","4:27AM",AM
1341,"4:19","4:19AM",AM
1342,"4:24","4:24AM",AM
1343,"4:31","4:31AM",AM
1344,"4:23","4:23AM",AM
1345,"4:10","4:10AM",AM
1346,"4:20","4:20AM",AM
1347,"4:30","4:30AM",AM
1348,"4:21","4:21AM",AM
1349,"4:41","4:41AM",AM
1350,"4:09","4:09AM",AM
1351,"4:18","4:18AM",AM
1352,"4:39","4:39AM",AM
1353,"1:57","1:57AM",AM
1354,"2:49","2:49AM",AM
1355,"2:47","2:47AM",AM
1356,"3:46","3:46AM",AM
1357,"2:44","2:44AM",AM
1358,"2:43","2:43AM",AM
1359,"3:10","3:10AM",AM
1360,"2:45","2:45AM",AM
1361,"2:50","2:50AM",AM
1362,"2:54","2:54AM",AM
1363,"3:03","3:03AM",AM
1364,"3:04","3:04AM",AM
1365,"2:59","2:59AM",AM
1366,"3:20","3:20AM",AM
1367,"2:25","2:25AM",AM
1368,"4:34","4:34AM",AM
1369,"3:44","3:44AM",AM
1370,"2:48","2:48AM",AM
1371,"2:56","2:56AM",AM
1372,"2:46","2:46AM",AM
1373,"3:14","3:14AM",AM
1374,"2:41","2:41AM",AM
1375,"2:37","2:37AM",AM
1376,"2:39","2:39AM",AM
1377,"2:42","2:42AM",AM
1378,"2:14","2:14AM",AM
1379,"4:28","4:28AM",AM
1380,"3:21","3:21AM",AM
1381,"3:59","3:59AM",AM
1382,"3:54","3:54AM",AM
1383,"3:39","3:39AM",AM
1384,"2:22","2:22AM",AM
1385,"2:00","2:00AM",AM
1386,"3:28","3:28AM",AM
1387,"4:25","4:25AM",AM
1388,"2:24","2:24AM",AM
1389,"2:20","2:20AM",AM
1390,"3:01","3:01AM",AM
1391,"3:41","3:41AM",AM
1392,"3:38","3:38AM",AM
1393,"3:16","3:16AM",AM
1394,"4:14","4:14AM",AM
1395,"3:30","3:30AM",AM
1396,"3:29","3:29AM",AM
1397,"3:32","3:32AM",AM
1398,"3:24","3:24AM",AM
1399,"3:23","3:23AM",AM
1400,"3:17","3:17AM",AM
1401,"3:22","3:22AM",AM
1402,"3:15","3:15AM",AM
1403,"2:53","2:53AM",AM
1404,"2:29","2:29AM",AM
1405,"2:32","2:32AM",AM
1406,"3:02","3:02AM",AM
1407,"2:23","2:23AM",AM
1408,"3:13","3:13AM",AM
1409,"3:27","3:27AM",AM
1410,"4:37","4:37AM",AM
1411,"4:08","4:08AM",AM
1412,"4:43","4:43AM",AM
1413,"4:02","4:02AM",AM
1414,"4:06","4:06AM",AM
1415,"4:04","4:04AM",AM
1416,"3:58","3:58AM",AM
1417,"4:40","4:40AM",AM
1418,"1:51","1:51AM",AM
1419,"2:18","2:18AM",AM
1420,"2:01","2:01AM",AM
1421,"2:02","2:02AM",AM
1422,"2:36","2:36AM",AM
1423,"2:33","2:33AM",AM
1424,"4:42","4:42AM",AM
1425,"3:09","3:09AM",AM
1426,"3:07","3:07AM",AM
1427,"4:33","4:33AM",AM
1428,"4:35","4:35AM",AM
1429,"3:06","3:06AM",AM
1430,"4:26","4:26AM",AM
1431,"2:05","2:05AM",AM
1432,"2:04","2:04AM",AM
1434,"3:00","3:00AM",AM
1435,"4:29","4:29AM",AM
1436,"3:25","3:25AM",AM
1437,"2:52","2:52AM",AM
1438,"3:33","3:33AM",AM
1439,"4:12","4:12AM",AM
1440,"3:26","3:26AM",AM
1441,"2:57","2:57AM",AM
